unix_ms,event_type,title,description,x,y,z
1701916649698,Simulation,Trial 1 Start,,0,0,0
1701916649730,Player,position,-,0,0,0
1701916649730,Player,orientation,,0,0,0
1701916649730,Global Eye Tracking,Left,,0,0,0
1701916649730,Global Eye Tracking,Right,,0,0,0
1701916649984,Player,position,-,-0.001863971,1.699441,-0.0833455
1701916649984,Player,orientation,,354.4998,354.4838,357.3011
1701916649984,Global Eye Tracking,Left,,0,0,100
1701916649984,Global Eye Tracking,Right,,0,0,100
1701916650091,Player,position,-,0.009876246,1.699131,-0.08561747
1701916650091,Player,orientation,,354.6856,1.542383,358.1539
1701916650091,Global Eye Tracking,Left,,5.540921,22.08366,97.65637
1701916650091,Global Eye Tracking,Right,,0.21018,22.36843,97.75728
1701916650191,Player,position,-,0.01516388,1.698518,-0.08828921
1701916650191,Player,orientation,,354.9713,4.913021,358.5942
1701916650191,Global Eye Tracking,Left,,19.25203,10.6698,97.62974
1701916650191,Global Eye Tracking,Right,,14.008,10.86435,98.50645
1701916650306,Player,position,-,0.01265299,1.698609,-0.09077002
1701916650306,Player,orientation,,354.9909,3.289614,358.1566
1701916650306,Global Eye Tracking,Left,,8.351535,15.3113,98.62833
1701916650306,Global Eye Tracking,Right,,3.012657,15.43491,98.91565
1701916650410,Player,position,-,0.00956659,1.699205,-0.09241675
1701916650410,Player,orientation,,354.7332,1.053991,358.014
1701916650410,Global Eye Tracking,Left,,5.104213,4.53556,99.73871
1701916650410,Global Eye Tracking,Right,,-0.2400544,4.7104,99.86172
1701916650510,Player,position,-,0.006510627,1.699677,-0.09371571
1701916650510,Player,orientation,,354.5666,359.0681,358.2555
1701916650510,Global Eye Tracking,Left,,2.811067,1.271195,99.86648
1701916650510,Global Eye Tracking,Right,,-2.535589,1.449412,99.8737
1701916650621,Player,position,-,0.004206669,1.700096,-0.09475979
1701916650621,Player,orientation,,354.3742,357.5798,358.5055
1701916650621,Global Eye Tracking,Left,,0.6756657,2.193086,99.90099
1701916650621,Global Eye Tracking,Right,,-4.670311,2.339902,99.79405
1701916650732,Player,position,-,0.00434009,1.700169,-0.09519564
1701916650732,Player,orientation,,354.422,357.3008,358.3994
1701916650732,Global Eye Tracking,Left,,1.956543,2.741374,99.87843
1701916650732,Global Eye Tracking,Right,,-3.386597,2.886209,99.84102
1701916650843,Player,position,-,0.004620414,1.69978,-0.09508683
1701916650843,Player,orientation,,354.6277,357.1749,358.3473
1701916650843,Global Eye Tracking,Left,,2.088644,2.009636,99.88049
1701916650843,Global Eye Tracking,Right,,-3.253694,2.160301,99.85139
1701916650955,Player,position,-,0.004641172,1.699818,-0.09507208
1701916650955,Player,orientation,,354.6102,356.8601,358.2765
1701916650955,Global Eye Tracking,Left,,1.26311,2.10919,99.89407
1701916650955,Global Eye Tracking,Right,,-4.079196,2.267628,99.82047
1701916651066,Player,position,-,0.005179564,1.699464,-0.09478828
1701916651066,Player,orientation,,354.7684,356.7563,358.2657
1701916651066,Global Eye Tracking,Left,,1.504061,1.407128,99.89114
1701916651066,Global Eye Tracking,Right,,-3.837076,1.566751,99.83192
1701916651178,Player,position,-,0.005808663,1.699182,-0.09443199
1701916651178,Player,orientation,,354.9091,356.7343,358.1689
1701916651178,Global Eye Tracking,Left,,1.251767,1.18211,99.8941
1701916651178,Global Eye Tracking,Right,,-4.089336,1.348643,99.82166
1701916651289,Player,position,-,0.005653,1.698126,-0.09398165
1701916651289,Player,orientation,,355.4326,356.3238,358.3323
1701916651289,Global Eye Tracking,Left,,-1.948821,-14.30241,98.59671
1701916651289,Global Eye Tracking,Right,,-7.290723,-14.15902,98.37054
1701916651401,Player,position,-,0.004552368,1.696331,-0.09352726
1701916651401,Player,orientation,,356.3236,355.3507,358.3327
1701916651401,Global Eye Tracking,Left,,-1.910276,-14.87937,98.50245
1701916651401,Global Eye Tracking,Right,,-7.251081,-14.75323,98.27698
1701916651513,Player,position,-,0.003838589,1.694804,-0.09302228
1701916651513,Player,orientation,,357.03,354.584,358.2325
1701916651513,Global Eye Tracking,Left,,-1.784353,-14.93498,98.49569
1701916651513,Global Eye Tracking,Right,,-7.122331,-14.81881,98.27673
1701916651624,Player,position,-,0.003734922,1.694048,-0.09254174
1701916651624,Player,orientation,,357.4166,354.1593,358.1809
1701916651624,Global Eye Tracking,Left,,-15.93653,-21.08537,95.96663
1701916651624,Global Eye Tracking,Right,,-21.1743,-20.81584,95.00786
1701916651736,Player,position,-,0.002316816,1.691518,-0.09112185
1701916651736,Player,orientation,,358.6715,353.1629,358.3036
1701916651736,Global Eye Tracking,Left,,-16.82317,-21.08418,95.8167
1701916651736,Global Eye Tracking,Right,,-22.05171,-20.82166,94.80795
1701916651848,Player,position,-,-0.000843592,1.68801,-0.08907616
1701916651848,Player,orientation,,0.3721556,351.4007,358.3131
1701916651848,Global Eye Tracking,Left,,-16.18245,-22.89831,95.48008
1701916651848,Global Eye Tracking,Right,,-21.42748,-22.66545,94.4987
1701916651960,Player,position,-,-0.004979035,1.684965,-0.08710228
1701916651960,Player,orientation,,1.752084,349.2559,358.1033
1701916651960,Global Eye Tracking,Left,,-18.7922,-20.23225,95.65502
1701916651960,Global Eye Tracking,Right,,-24.0118,-20.01949,94.52719
1701916652071,Player,position,-,-0.01141004,1.682171,-0.08646004
1701916652071,Player,orientation,,2.983107,345.7477,357.4633
1701916652071,Global Eye Tracking,Left,,-28.43564,-23.01675,92.5539
1701916652071,Global Eye Tracking,Right,,-33.49254,-22.68013,90.93181
1701916652183,Player,position,-,-0.01999827,1.680015,-0.08668309
1701916652183,Player,orientation,,3.899431,341.1046,356.6885
1701916652183,Global Eye Tracking,Left,,-29.45668,-23.02428,92.2335
1701916652183,Global Eye Tracking,Right,,-34.52168,-22.70732,90.54646
1701916652295,Player,position,-,-0.02768264,1.679096,-0.08688729
1701916652295,Player,orientation,,4.216834,337.4281,356.2841
1701916652295,Global Eye Tracking,Left,,-29.689,-23.20808,92.10995
1701916652295,Global Eye Tracking,Right,,-34.74847,-22.92459,90.40611
1701916652407,Player,position,-,-0.03440486,1.678408,-0.08676697
1701916652407,Player,orientation,,4.545457,334.4746,355.9439
1701916652407,Global Eye Tracking,Left,,-51.88395,-20.20265,82.57706
1701916652407,Global Eye Tracking,Right,,-56.32053,-19.65832,79.75704
1701916652518,Player,position,-,-0.03955462,1.678025,-0.08616725
1701916652518,Player,orientation,,4.745072,332.5783,355.9527
1701916652518,Global Eye Tracking,Left,,-49.86258,-18.03595,84.34843
1701916652518,Global Eye Tracking,Right,,-54.40749,-17.57104,81.60036
1701916652630,Player,position,-,-0.04386947,1.678024,-0.08555676
1701916652630,Player,orientation,,4.717621,331.0516,356.1639
1701916652630,Global Eye Tracking,Left,,-49.78347,-19.6468,84.0051
1701916652630,Global Eye Tracking,Right,,-54.33646,-19.21225,81.24798
1701916652740,Player,position,-,-0.0494974,1.678294,-0.08650512
1701916652740,Player,orientation,,4.536932,328.6555,356.7281
1701916652740,Global Eye Tracking,Left,,-48.77205,-19.47734,84.63863
1701916652740,Global Eye Tracking,Right,,-53.3628,-19.11828,81.9177
1701916652852,Player,position,-,-0.05572304,1.678364,-0.08856477
1701916652852,Player,orientation,,4.464215,325.414,356.9365
1701916652852,Global Eye Tracking,Left,,-65.2079,-11.72815,74.5851
1701916652852,Global Eye Tracking,Right,,-69.11364,-11.32896,71.04835
1701916652964,Player,position,-,-0.05942917,1.679338,-0.08895069
1701916652964,Player,orientation,,3.986024,323.6014,356.7867
1701916652964,Global Eye Tracking,Left,,-66.01305,-11.692,73.88272
1701916652964,Global Eye Tracking,Right,,-69.89699,-11.3106,70.28716
1701916653075,Player,position,-,-0.06049969,1.680326,-0.08717342
1701916653075,Player,orientation,,3.491796,323.6377,356.7873
1701916653075,Global Eye Tracking,Left,,-64.79754,-12.65014,74.77276
1701916653075,Global Eye Tracking,Right,,-68.75221,-12.27251,71.22741
1701916653187,Player,position,-,-0.06024742,1.680984,-0.08332872
1701916653187,Player,orientation,,3.061583,324.931,357.1238
1701916653187,Global Eye Tracking,Left,,-63.73122,-11.90672,75.82227
1701916653187,Global Eye Tracking,Right,,-67.73612,-11.55353,72.33117
1701916653299,Player,position,-,-0.0606752,1.680117,-0.0803176
1701916653299,Player,orientation,,3.578999,325.7343,357.2801
1701916653299,Global Eye Tracking,Left,,-63.33313,-13.26447,75.90376
1701916653299,Global Eye Tracking,Right,,-67.34449,-12.91728,72.43607
1701916653410,Player,position,-,-0.06907861,1.677482,-0.08340877
1701916653410,Player,orientation,,4.720704,320.8588,356.7225
1701916653410,Global Eye Tracking,Left,,-57.26381,-20.39958,78.91695
1701916653410,Global Eye Tracking,Right,,-61.54168,-20.09487,75.72161
1701916653522,Player,position,-,-0.08031907,1.674419,-0.09016572
1701916653522,Player,orientation,,5.840399,313.4646,355.9101
1701916653522,Global Eye Tracking,Left,,-85.17229,-18.9057,48.25338
1701916653522,Global Eye Tracking,Right,,-87.66233,-18.23096,43.84753
1701916653631,Player,position,-,-0.08890754,1.675283,-0.09432323
1701916653631,Player,orientation,,4.978513,308.7765,354.7752
1701916653631,Global Eye Tracking,Left,,-83.54893,-19.73852,50.66451
1701916653631,Global Eye Tracking,Right,,-86.25274,-19.10787,46.18879
1701916653744,Player,position,-,-0.09236769,1.675685,-0.09473179
1701916653744,Player,orientation,,4.618746,308.141,354.7274
1701916653744,Global Eye Tracking,Left,,-82.44016,-19.14328,52.68518
1701916653744,Global Eye Tracking,Right,,-85.27378,-18.51744,48.22954
1701916653855,Player,position,-,-0.09420557,1.674755,-0.09435478
1701916653855,Player,orientation,,5.119184,308.4596,355.4108
1701916653855,Global Eye Tracking,Left,,-81.70339,-19.47899,53.69077
1701916653855,Global Eye Tracking,Right,,-84.5905,-18.91759,49.25528
1701916653967,Player,position,-,-0.09554288,1.67444,-0.09521138
1701916653967,Player,orientation,,5.212876,308.088,355.5422
1701916653967,Global Eye Tracking,Left,,-76.54789,-13.38653,62.57888
1701916653967,Global Eye Tracking,Right,,-79.86597,-12.96647,58.40365
1701916654065,Player,position,-,-0.0948922,1.675567,-0.09523492
1701916654065,Player,orientation,,4.725085,308.3491,355.6431
1701916654065,Global Eye Tracking,Left,,-76.70292,-13.03236,62.47353
1701916654065,Global Eye Tracking,Right,,-80.01159,-12.62138,58.28992
1701916654175,Player,position,-,-0.09398037,1.676494,-0.09584339
1701916654175,Player,orientation,,4.305581,308.2197,355.5345
1701916654175,Global Eye Tracking,Left,,-76.97612,-12.60567,62.23565
1701916654175,Global Eye Tracking,Right,,-80.26849,-12.18603,58.04034
1701916654286,Player,position,-,-0.09298813,1.676923,-0.09633347
1701916654286,Player,orientation,,4.118751,308.2831,355.5858
1701916654286,Global Eye Tracking,Left,,-76.44128,-13.82149,62.59887
1701916654286,Global Eye Tracking,Right,,-79.7639,-13.40845,58.42647
1701916654398,Player,position,-,-0.09312361,1.677213,-0.098332
1701916654398,Player,orientation,,3.948879,307.6194,355.5471
1701916654398,Global Eye Tracking,Left,,-76.42479,-13.81374,62.6191
1701916654398,Global Eye Tracking,Right,,-79.74831,-13.40467,58.44709
1701916654509,Player,position,-,-0.0956175,1.679737,-0.1034807
1701916654509,Player,orientation,,2.582031,304.9509,355.2055
1701916654509,Global Eye Tracking,Left,,-77.02021,-12.8207,62.12425
1701916654509,Global Eye Tracking,Right,,-80.30908,-12.40875,57.92656
1701916654620,Player,position,-,-0.09688903,1.68619,-0.1079305
1701916654620,Player,orientation,,359.2484,303.1336,355.1968
1701916654620,Global Eye Tracking,Left,,-80.90061,26.36521,53.38815
1701916654620,Global Eye Tracking,Right,,-83.63311,26.74477,48.81263
1701916654730,Player,position,-,-0.09434879,1.693197,-0.1099144
1701916654730,Player,orientation,,355.8905,303.9476,355.6291
1701916654730,Global Eye Tracking,Left,,-79.53288,29.37226,53.95995
1701916654730,Global Eye Tracking,Right,,-82.31315,29.75944,49.4089
1701916654841,Player,position,-,-0.09031247,1.69737,-0.1123532
1701916654841,Player,orientation,,354.0025,304.9073,356.1268
1701916654841,Global Eye Tracking,Left,,-79.92729,29.49179,53.31149
1701916654841,Global Eye Tracking,Right,,-82.68942,29.80217,48.74884
1701916654953,Player,position,-,-0.08700594,1.69902,-0.1158175
1701916654953,Player,orientation,,353.2751,305.2426,356.5471
1701916654953,Global Eye Tracking,Left,,-80.05338,28.9141,53.41206
1701916654953,Global Eye Tracking,Right,,-82.83316,29.16247,48.8593
1701916655065,Player,position,-,-0.08427738,1.700621,-0.1194582
1701916655065,Player,orientation,,352.496,305.2292,356.7729
1701916655065,Global Eye Tracking,Left,,-80.31424,27.99368,53.47523
1701916655065,Global Eye Tracking,Right,,-83.09926,28.21495,48.92419
1701916655176,Player,position,-,-0.08181863,1.701715,-0.122236
1701916655176,Player,orientation,,351.9843,305.5042,357.0037
1701916655176,Global Eye Tracking,Left,,-80.59061,26.63834,53.70217
1701916655176,Global Eye Tracking,Right,,-83.38367,26.84776,49.15527
1701916655288,Player,position,-,-0.07872669,1.702433,-0.1228975
1701916655288,Player,orientation,,351.7254,306.5312,357.1641
1701916655288,Global Eye Tracking,Left,,-67.52325,11.06244,73.10648
1701916655288,Global Eye Tracking,Right,,-71.27954,11.41829,69.42709
1701916655400,Player,position,-,-0.07563616,1.703133,-0.1224703
1701916655400,Player,orientation,,351.4845,307.6749,357.1055
1701916655400,Global Eye Tracking,Left,,-68.12777,8.733431,72.80581
1701916655400,Global Eye Tracking,Right,,-71.88297,9.052061,69.09232
1701916655511,Player,position,-,-0.07208189,1.702377,-0.1196907
1701916655511,Player,orientation,,352.0397,309.8094,356.8552
1701916655511,Global Eye Tracking,Left,,-68.59412,8.020221,72.43294
1701916655511,Global Eye Tracking,Right,,-72.33969,8.340045,68.68469
1701916655623,Player,position,-,-0.0664589,1.698692,-0.1132493
1701916655623,Player,orientation,,354.1249,314.1411,356.6453
1701916655623,Global Eye Tracking,Left,,-66.92171,8.460074,73.94036
1701916655623,Global Eye Tracking,Right,,-70.76384,8.799476,70.25549
1701916655734,Player,position,-,-0.06125787,1.690174,-0.1057528
1701916655734,Player,orientation,,358.7149,318.9715,356.356
1701916655734,Global Eye Tracking,Left,,-61.06767,-24.71111,74.59473
1701916655734,Global Eye Tracking,Right,,-65.14762,-24.4803,71.15946
1701916655845,Player,position,-,-0.05443635,1.683916,-0.09792288
1701916655845,Player,orientation,,1.769583,324.5331,356.7518
1701916655845,Global Eye Tracking,Left,,-57.8008,-28.57586,75.72423
1701916655845,Global Eye Tracking,Right,,-62.01557,-28.28217,72.44555
1701916655956,Player,position,-,-0.03317827,1.67895,-0.08577165
1701916655956,Player,orientation,,4.461565,339.3171,0.1351241
1701916655956,Global Eye Tracking,Left,,-27.17036,-30.10653,90.75244
1701916655956,Global Eye Tracking,Right,,-32.16911,-30.24476,89.07005
1701916656068,Player,position,-,-0.01583165,1.678611,-0.07956114
1701916656068,Player,orientation,,4.406231,349.8127,1.206311
1701916656068,Global Eye Tracking,Left,,-3.146875,-26.19458,95.89733
1701916656068,Global Eye Tracking,Right,,-8.376131,-26.56577,95.48778
1701916656165,Player,position,-,-0.009144975,1.679494,-0.07814318
1701916656165,Player,orientation,,4.084924,353.1366,0.5199876
1701916656165,Global Eye Tracking,Left,,-1.458307,-25.85039,96.04242
1701916656165,Global Eye Tracking,Right,,-6.768365,-26.08641,95.75429
1701916656277,Player,position,-,-0.00640332,1.680827,-0.07828639
1701916656277,Player,orientation,,3.539818,354.3244,359.8456
1701916656277,Global Eye Tracking,Left,,-2.840672,-25.05411,96.23824
1701916656277,Global Eye Tracking,Right,,-8.173229,-25.14533,95.91113
1701916656388,Player,position,-,-0.006450566,1.681285,-0.07918355
1701916656388,Player,orientation,,3.382803,354.2564,359.6464
1701916656388,Global Eye Tracking,Left,,-1.05558,-27.64522,95.51601
1701916656388,Global Eye Tracking,Right,,-6.39084,-27.7117,95.2919
1701916656499,Player,position,-,-0.005965281,1.681223,-0.08005095
1701916656499,Player,orientation,,3.391897,354.0737,359.4776
1701916656499,Global Eye Tracking,Left,,8.458092,-49.42848,85.44878
1701916656499,Global Eye Tracking,Right,,3.182576,-49.80052,85.59618
1701916656611,Player,position,-,-0.003534563,1.679496,-0.08063326
1701916656611,Player,orientation,,4.130035,354.3807,359.1373
1701916656611,Global Eye Tracking,Left,,9.035609,-49.51945,85.33462
1701916656611,Global Eye Tracking,Right,,3.769366,-49.89919,85.51304
1701916656722,Player,position,-,0.002420688,1.677468,-0.08011562
1701916656722,Player,orientation,,4.909647,356.618,358.8365
1701916656722,Global Eye Tracking,Left,,8.071148,-50.34383,84.93527
1701916656722,Global Eye Tracking,Right,,2.77433,-50.60268,85.12383
1701916656834,Player,position,-,0.005753569,1.676809,-0.0801702
1701916656834,Player,orientation,,5.20032,357.3654,358.4108
1701916656834,Global Eye Tracking,Left,,4.410131,-52.51577,83.84386
1701916656834,Global Eye Tracking,Right,,-0.9257003,-52.59425,83.90898
1701916656945,Player,position,-,0.006304482,1.677634,-0.08058429
1701916656945,Player,orientation,,4.854264,357.1001,358.1701
1701916656945,Global Eye Tracking,Left,,3.882247,-52.75377,83.71556
1701916656945,Global Eye Tracking,Right,,-1.455212,-52.7877,83.77554
1701916657056,Player,position,-,0.005896868,1.677515,-0.0808218
1701916657056,Player,orientation,,4.919851,356.7026,358.2069
1701916657056,Global Eye Tracking,Left,,3.54634,-52.92591,83.61749
1701916657056,Global Eye Tracking,Right,,-1.790269,-52.96127,83.65538
1701916657168,Player,position,-,0.005406816,1.675659,-0.08106668
1701916657168,Player,orientation,,5.735529,356.4851,358.2348
1701916657168,Global Eye Tracking,Left,,4.190249,-53.22143,83.3942
1701916657168,Global Eye Tracking,Right,,-1.141513,-53.29577,83.44849
1701916657280,Player,position,-,0.005917571,1.673135,-0.08126243
1701916657280,Player,orientation,,6.987001,356.9778,358.3811
1701916657280,Global Eye Tracking,Left,,5.017798,-53.14313,83.40091
1701916657280,Global Eye Tracking,Right,,-0.3102385,-53.23915,83.49434
1701916657391,Player,position,-,0.005866295,1.672465,-0.08141663
1701916657391,Player,orientation,,7.18687,357.136,358.4342
1701916657391,Global Eye Tracking,Left,,4.204196,-54.49857,82.54227
1701916657391,Global Eye Tracking,Right,,-1.132056,-54.56275,82.60283
1701916657503,Player,position,-,0.00548475,1.671874,-0.08163752
1701916657503,Player,orientation,,7.484598,357.1849,358.468
1701916657503,Global Eye Tracking,Left,,4.6395,-53.96264,82.88074
1701916657503,Global Eye Tracking,Right,,-0.6944367,-54.03789,82.96243
1701916657614,Player,position,-,0.005228,1.671327,-0.08240986
1701916657614,Player,orientation,,7.740604,357.254,358.5596
1701916657614,Global Eye Tracking,Left,,3.887279,-53.46989,83.24793
1701916657614,Global Eye Tracking,Right,,-1.451111,-53.52372,83.29494
1701916657725,Player,position,-,0.004813619,1.671355,-0.08315344
1701916657725,Player,orientation,,7.714641,357.2237,358.5279
1701916657725,Global Eye Tracking,Left,,4.176311,-53.98844,82.88756
1701916657725,Global Eye Tracking,Right,,-1.160974,-54.05249,82.94639
1701916657837,Player,position,-,0.00428736,1.671118,-0.08394298
1701916657837,Player,orientation,,7.84349,357.1544,358.5308
1701916657837,Global Eye Tracking,Left,,4.035999,-53.40753,83.28059
1701916657837,Global Eye Tracking,Right,,-1.301542,-53.46701,83.33363
1701916657949,Player,position,-,0.003515804,1.671407,-0.08420217
1701916657949,Player,orientation,,7.70951,357.0409,358.5511
1701916657949,Global Eye Tracking,Left,,3.70674,-53.64587,83.13727
1701916657949,Global Eye Tracking,Right,,-1.631674,-53.70163,83.17147
1701916658060,Player,position,-,0.00233948,1.671597,-0.08373903
1701916658060,Player,orientation,,7.518429,356.8923,358.4525
1701916658060,Global Eye Tracking,Left,,7.967624,-61.30994,77.17641
1701916658060,Global Eye Tracking,Right,,2.657234,-61.54184,77.36079
1701916658171,Player,position,-,0.001047814,1.673461,-0.0839828
1701916658171,Player,orientation,,6.760132,356.7336,358.3081
1701916658171,Global Eye Tracking,Left,,7.928797,-62.14773,76.48887
1701916658171,Global Eye Tracking,Right,,2.620122,-62.37816,76.67121
1701916658282,Player,position,-,4.019961E-05,1.673699,-0.08322358
1701916658282,Player,orientation,,6.562547,356.6893,358.3362
1701916658282,Global Eye Tracking,Left,,7.492907,-63.03891,75.78062
1701916658282,Global Eye Tracking,Right,,2.181777,-63.26553,75.93475
1701916658393,Player,position,-,-0.0009048935,1.673569,-0.08203277
1701916658393,Player,orientation,,6.619996,356.6863,358.4028
1701916658393,Global Eye Tracking,Left,,6.51411,-62.07344,76.68464
1701916658393,Global Eye Tracking,Right,,1.194786,-62.26244,76.80276
1701916658505,Player,position,-,-0.001681885,1.673993,-0.08096586
1701916658505,Player,orientation,,6.427754,356.6553,358.4456
1701916658505,Global Eye Tracking,Left,,5.984876,-62.17466,76.64444
1701916658505,Global Eye Tracking,Right,,0.6621237,-62.35018,76.73667
1701916658617,Player,position,-,-0.002145518,1.673938,-0.07984306
1701916658617,Player,orientation,,6.442063,356.7493,358.5146
1701916658617,Global Eye Tracking,Left,,5.385675,-62.71492,76.23777
1701916658617,Global Eye Tracking,Right,,0.05824063,-62.8733,76.30138
1701916658728,Player,position,-,-0.002824655,1.674237,-0.0782095
1701916658728,Player,orientation,,6.303342,356.6742,358.5523
1701916658728,Global Eye Tracking,Left,,6.822528,-61.79739,76.88911
1701916658728,Global Eye Tracking,Right,,1.505022,-62.00535,77.0135
1701916658840,Player,position,-,-0.003449516,1.673764,-0.07629004
1701916658840,Player,orientation,,6.473595,356.5322,358.6494
1701916658840,Global Eye Tracking,Left,,5.881693,-63.31731,75.69104
1701916658840,Global Eye Tracking,Right,,0.5577018,-63.50723,75.76206
1701916658951,Player,position,-,-0.003693895,1.673543,-0.07414543
1701916658951,Player,orientation,,6.604721,356.3586,358.6206
1701916658951,Global Eye Tracking,Left,,6.951033,-63.97294,75.03461
1701916658951,Global Eye Tracking,Right,,1.636657,-64.21513,75.13552
1701916659063,Player,position,-,-0.003466995,1.673806,-0.07186154
1701916659063,Player,orientation,,6.553036,356.3463,358.5583
1701916659063,Global Eye Tracking,Left,,7.707773,-63.57184,75.31128
1701916659063,Global Eye Tracking,Right,,2.400339,-63.83923,75.44504
1701916659174,Player,position,-,-0.003446944,1.673301,-0.06954657
1701916659174,Player,orientation,,6.726669,356.1867,358.524
1701916659174,Global Eye Tracking,Left,,7.786711,-62.01638,76.62388
1701916659174,Global Eye Tracking,Right,,2.480624,-62.27667,76.77224
1701916659285,Player,position,-,-0.00343883,1.67213,-0.0678238
1701916659285,Player,orientation,,7.215126,355.957,358.482
1701916659285,Global Eye Tracking,Left,,7.980176,-63.08765,75.70454
1701916659285,Global Eye Tracking,Right,,2.678833,-63.3719,75.84438
1701916659396,Player,position,-,-0.003221668,1.671609,-0.06701158
1701916659396,Player,orientation,,7.447113,356.0356,358.4083
1701916659396,Global Eye Tracking,Left,,8.280931,-64.27122,74.64578
1701916659396,Global Eye Tracking,Right,,2.982768,-64.5678,74.79368
1701916659507,Player,position,-,-0.003584538,1.671897,-0.06701384
1701916659507,Player,orientation,,7.299133,355.9097,358.4903
1701916659507,Global Eye Tracking,Left,,7.870649,-61.7975,76.80183
1701916659507,Global Eye Tracking,Right,,2.568612,-62.06646,76.94957
1701916659618,Player,position,-,-0.004021982,1.671808,-0.06740394
1701916659618,Player,orientation,,7.327793,355.8073,358.589
1701916659618,Global Eye Tracking,Left,,7.619932,-63.68671,75.22761
1701916659618,Global Eye Tracking,Right,,2.316741,-63.97188,75.33989
1701916659731,Player,position,-,-0.004103964,1.671952,-0.06801426
1701916659731,Player,orientation,,7.293603,355.7924,358.5934
1701916659731,Global Eye Tracking,Left,,7.573193,-63.45907,75.42886
1701916659731,Global Eye Tracking,Right,,2.269786,-63.74699,75.53602
1701916659842,Player,position,-,-0.004056312,1.672345,-0.06864454
1701916659842,Player,orientation,,7.12112,355.8376,358.5734
1701916659842,Global Eye Tracking,Left,,6.791652,-63.98725,75.04432
1701916659842,Global Eye Tracking,Right,,1.481239,-64.24831,75.11787
1701916659953,Player,position,-,-0.004231019,1.672767,-0.06904466
1701916659953,Player,orientation,,6.978916,355.8448,358.4994
1701916659953,Global Eye Tracking,Left,,8.031511,-64.2658,74.67536
1701916659953,Global Eye Tracking,Right,,2.732062,-64.5689,74.79976
1701916660065,Player,position,-,-0.004686389,1.672738,-0.06915224
1701916660065,Player,orientation,,7.000827,355.8314,358.5273
1701916660065,Global Eye Tracking,Left,,8.731404,-63.67988,75.1095
1701916660065,Global Eye Tracking,Right,,3.439206,-64.00214,75.26842
1701916660175,Player,position,-,-0.005331531,1.672707,-0.06902985
1701916660175,Player,orientation,,7.002841,355.6667,358.5407
1701916660175,Global Eye Tracking,Left,,8.288892,-63.93729,74.93536
1701916660175,Global Eye Tracking,Right,,2.992921,-64.25158,75.06924
1701916660287,Player,position,-,-0.005596109,1.672856,-0.06897113
1701916660287,Player,orientation,,6.937595,355.6199,358.5552
1701916660287,Global Eye Tracking,Left,,8.889537,-62.91635,75.74792
1701916660287,Global Eye Tracking,Right,,3.601101,-63.25223,75.90836
1701916660399,Player,position,-,-0.005570104,1.672907,-0.06903876
1701916660399,Player,orientation,,6.895523,355.5349,358.4809
1701916660399,Global Eye Tracking,Left,,9.587571,-62.37775,76.11835
1701916660399,Global Eye Tracking,Right,,4.307959,-62.73571,76.31034
1701916660510,Player,position,-,-0.005095163,1.673146,-0.06912012
1701916660510,Player,orientation,,6.782961,355.5685,358.4669
1701916660510,Global Eye Tracking,Left,,10.50195,-63.41716,75.1096
1701916660510,Global Eye Tracking,Right,,5.233727,-63.8131,75.33029
1701916660621,Player,position,-,-0.00468991,1.673259,-0.06886609
1701916660621,Player,orientation,,6.761879,355.4983,358.3782
1701916660621,Global Eye Tracking,Left,,11.21847,-62.24557,76.00555
1701916660621,Global Eye Tracking,Right,,5.960459,-62.65472,76.26794
1701916660733,Player,position,-,-0.004184607,1.673205,-0.06861088
1701916660733,Player,orientation,,6.758029,355.4444,358.3979
1701916660733,Global Eye Tracking,Left,,13.98813,-61.23903,76.38373
1701916660733,Global Eye Tracking,Right,,8.771987,-61.73629,76.76474
1701916660844,Player,position,-,-0.003683232,1.673112,-0.06828901
1701916660844,Player,orientation,,6.767069,355.3562,358.333
1701916660844,Global Eye Tracking,Left,,14.75715,-61.87121,75.71333
1701916660844,Global Eye Tracking,Right,,9.555827,-62.40275,76.11631
1701916660955,Player,position,-,-0.00309773,1.67297,-0.06797798
1701916660955,Player,orientation,,6.801926,355.3606,358.2582
1701916660955,Global Eye Tracking,Left,,13.64109,-62.52015,75.37591
1701916660955,Global Eye Tracking,Right,,8.42205,-63.01673,75.73047
1701916661067,Player,position,-,-0.002788894,1.673182,-0.06789349
1701916661067,Player,orientation,,6.679276,355.364,358.2227
1701916661067,Global Eye Tracking,Left,,12.91131,-62.0279,75.92027
1701916661067,Global Eye Tracking,Right,,7.680611,-62.49134,76.25401
1701916661165,Player,position,-,-0.002845902,1.676505,-0.06847329
1701916661165,Player,orientation,,5.236596,355.2473,357.9936
1701916661165,Global Eye Tracking,Left,,12.50179,-61.0832,76.76897
1701916661165,Global Eye Tracking,Right,,7.266975,-61.52296,77.09657
1701916661276,Player,position,-,-0.002364451,1.682515,-0.07111809
1701916661276,Player,orientation,,2.654269,355.5418,358.0847
1701916661276,Global Eye Tracking,Left,,7.291576,-52.9357,83.37604
1701916661276,Global Eye Tracking,Right,,1.996016,-53.1391,83.54772
1701916661387,Player,position,-,0.0007178485,1.690851,-0.07533161
1701916661387,Player,orientation,,358.6558,357.3623,358.7218
1701916661387,Global Eye Tracking,Left,,5.177712,-3.731522,99.64143
1701916661387,Global Eye Tracking,Right,,-0.148959,-3.615659,99.78749
1701916661499,Player,position,-,0.005410803,1.694291,-0.07896391
1701916661499,Player,orientation,,357.1512,359.45,358.7339
1701916661499,Global Eye Tracking,Left,,10.31599,10.53972,98.99091
1701916661499,Global Eye Tracking,Right,,5.012259,10.69824,99.39272
1701916661610,Player,position,-,0.01008865,1.69583,-0.08118479
1701916661610,Player,orientation,,356.3939,1.150084,358.1486
1701916661610,Global Eye Tracking,Left,,7.634505,9.561098,99.31557
1701916661610,Global Eye Tracking,Right,,2.298828,9.723894,99.57139
1701916661721,Player,position,-,0.01219833,1.697044,-0.08271351
1701916661721,Player,orientation,,355.8134,1.416522,357.8658
1701916661721,Global Eye Tracking,Left,,7.686511,7.336892,99.46147
1701916661721,Global Eye Tracking,Right,,2.348459,7.535493,99.71977
1701916661832,Player,position,-,0.01256792,1.697417,-0.08322036
1701916661832,Player,orientation,,355.711,1.057585,357.8465
1701916661832,Global Eye Tracking,Left,,6.818359,8.667692,99.43987
1701916661832,Global Eye Tracking,Right,,1.47796,8.878834,99.64787
1701916661944,Player,position,-,0.01024007,1.697045,-0.08346277
1701916661944,Player,orientation,,355.8959,359.6528,357.8665
1701916661944,Global Eye Tracking,Left,,5.433104,8.451559,99.53961
1701916661944,Global Eye Tracking,Right,,0.08955099,8.653927,99.67403
1701916662055,Player,position,-,0.005402796,1.697477,-0.08427879
1701916662055,Player,orientation,,355.6648,357.0259,358.0545
1701916662055,Global Eye Tracking,Left,,-7.469472,10.53872,99.24482
1701916662055,Global Eye Tracking,Right,,-12.77515,10.7015,98.68318
1701916662167,Player,position,-,0.003470378,1.697771,-0.08519566
1701916662167,Player,orientation,,355.5278,356.2832,358.2718
1701916662167,Global Eye Tracking,Left,,-7.049606,9.491577,99.36159
1701916662167,Global Eye Tracking,Right,,-12.36695,9.643146,98.82654
1701916662278,Player,position,-,0.004136462,1.698176,-0.08619666
1701916662278,Player,orientation,,355.3555,356.5325,358.0552
1701916662278,Global Eye Tracking,Left,,-5.943703,9.924494,99.39776
1701916662278,Global Eye Tracking,Right,,-11.26837,10.08098,98.92123
1701916662389,Player,position,-,0.005396344,1.698216,-0.08726433
1701916662389,Player,orientation,,355.3084,356.8746,357.817
1701916662389,Global Eye Tracking,Left,,-2.191028,3.174848,99.87708
1701916662389,Global Eye Tracking,Right,,-7.530393,3.370128,99.61446
1701916662501,Player,position,-,0.006232543,1.698571,-0.08879302
1701916662501,Player,orientation,,355.1445,356.9848,357.7008
1701916662501,Global Eye Tracking,Left,,-2.574991,1.596669,99.87775
1701916662501,Global Eye Tracking,Right,,-7.91323,1.80443,99.59726
1701916662613,Player,position,-,0.006943332,1.69887,-0.09026372
1701916662613,Player,orientation,,355.0164,357.0668,357.5978
1701916662613,Global Eye Tracking,Left,,-2.86541,1.904318,99.86842
1701916662613,Global Eye Tracking,Right,,-8.20242,2.121759,99.57149
1701916662723,Player,position,-,0.007820437,1.698754,-0.09153847
1701916662723,Player,orientation,,355.0547,357.2592,357.439
1701916662723,Global Eye Tracking,Left,,9.061995,-38.25157,91.12891
1701916662723,Global Eye Tracking,Right,,3.769719,-38.30161,91.4873
1701916662835,Player,position,-,0.008465907,1.698663,-0.09229583
1701916662835,Player,orientation,,355.0987,357.3726,357.3066
1701916662835,Global Eye Tracking,Left,,7.144425,-48.04307,86.36065
1701916662835,Global Eye Tracking,Right,,1.834235,-48.09766,86.61247
1701916662933,Player,position,-,0.008510534,1.698156,-0.09227391
1701916662933,Player,orientation,,355.3019,357.3441,357.3135
1701916662933,Global Eye Tracking,Left,,6.999521,-48.98633,85.82285
1701916662933,Global Eye Tracking,Right,,1.688124,-49.03825,86.06819
1701916663044,Player,position,-,0.008494111,1.697418,-0.09172416
1701916663044,Player,orientation,,355.6446,357.4159,357.2904
1701916663044,Global Eye Tracking,Left,,3.987473,-51.38166,84.5612
1701916663044,Global Eye Tracking,Right,,-1.343906,-51.3602,84.66348
1701916663155,Player,position,-,0.008161886,1.697173,-0.09117161
1701916663155,Player,orientation,,355.7646,357.3656,357.4198
1701916663155,Global Eye Tracking,Left,,4.306939,-50.21885,85.26469
1701916663155,Global Eye Tracking,Right,,-1.023784,-50.20227,85.38288
1701916663267,Player,position,-,0.007949054,1.696742,-0.09034087
1701916663267,Player,orientation,,355.9966,357.1806,357.46
1701916663267,Global Eye Tracking,Left,,4.205742,-50.39146,85.16527
1701916663267,Global Eye Tracking,Right,,-1.124759,-50.38441,85.2716
1701916663364,Player,position,-,0.008407339,1.696385,-0.08967735
1701916663364,Player,orientation,,356.1311,357.1667,357.4033
1701916663364,Global Eye Tracking,Left,,3.334239,-50.55485,85.10497
1701916663364,Global Eye Tracking,Right,,-2.00011,-50.52756,85.16862
1701916663475,Player,position,-,0.009275924,1.69626,-0.08906147
1701916663475,Player,orientation,,356.2495,357.124,357.3355
1701916663475,Global Eye Tracking,Left,,3.870964,-50.30879,85.23338
1701916663475,Global Eye Tracking,Right,,-1.460559,-50.29139,85.32482
1701916663587,Player,position,-,0.009857429,1.696027,-0.0880878
1701916663587,Player,orientation,,356.3198,357.1496,357.1798
1701916663587,Global Eye Tracking,Left,,3.695948,-51.45089,84.5356
1701916663587,Global Eye Tracking,Right,,-1.635589,-51.42868,84.62
1701916663698,Player,position,-,0.01001243,1.695695,-0.08700527
1701916663698,Player,orientation,,356.4689,357.3266,357.1434
1701916663698,Global Eye Tracking,Left,,3.825961,-51.17743,84.70212
1701916663698,Global Eye Tracking,Right,,-1.505011,-51.14314,84.80201
1701916663810,Player,position,-,0.009046925,1.6959,-0.08628276
1701916663810,Player,orientation,,356.3778,357.1324,357.2644
1701916663810,Global Eye Tracking,Left,,4.599792,-31.91151,93.98167
1701916663810,Global Eye Tracking,Right,,-0.7279928,-31.80144,94.13564
1701916663920,Player,position,-,0.007663511,1.695231,-0.08558859
1701916663920,Player,orientation,,356.7657,356.8697,357.5442
1701916663920,Global Eye Tracking,Left,,4.837563,-31.87174,93.98457
1701916663920,Global Eye Tracking,Right,,-0.4881229,-31.79223,94.14156
1701916664032,Player,position,-,0.005988335,1.695132,-0.08504142
1701916664032,Player,orientation,,356.816,356.4284,357.6446
1701916664032,Global Eye Tracking,Left,,2.882206,-46.6203,87.41799
1701916664032,Global Eye Tracking,Right,,-2.452155,-46.59406,87.45075
1701916664143,Player,position,-,0.00417296,1.695462,-0.08502899
1701916664143,Player,orientation,,356.6769,355.8913,357.7849
1701916664143,Global Eye Tracking,Left,,3.108175,-46.25811,87.60902
1701916664143,Global Eye Tracking,Right,,-2.222641,-46.25967,87.64095
1701916664255,Player,position,-,0.002864234,1.695544,-0.08493128
1701916664255,Player,orientation,,356.6563,355.5586,357.8689
1701916664255,Global Eye Tracking,Left,,3.045001,-46.63909,87.40149
1701916664255,Global Eye Tracking,Right,,-2.28288,-46.67318,87.41233
1701916664366,Player,position,-,0.00195682,1.695614,-0.08529431
1701916664366,Player,orientation,,356.5938,355.3459,358.0161
1701916664366,Global Eye Tracking,Left,,2.989328,-46.14714,87.67313
1701916664366,Global Eye Tracking,Right,,-2.337626,-46.19243,87.67487
1701916664477,Player,position,-,0.001269879,1.695363,-0.08589613
1701916664477,Player,orientation,,356.7177,355.1369,358.0991
1701916664477,Global Eye Tracking,Left,,2.930811,-47.56571,86.88623
1701916664477,Global Eye Tracking,Right,,-2.39518,-47.6325,86.87164
1701916664589,Player,position,-,0.00112862,1.695265,-0.08639073
1701916664589,Player,orientation,,356.8017,355.0646,358.0811
1701916664589,Global Eye Tracking,Left,,3.280094,-46.83932,87.28053
1701916664589,Global Eye Tracking,Right,,-2.042807,-46.922,87.27953
1701916664700,Player,position,-,0.001208678,1.695339,-0.08677846
1701916664700,Player,orientation,,356.8074,355.0978,358.0537
1701916664700,Global Eye Tracking,Left,,2.651199,-47.07917,87.16806
1701916664700,Global Eye Tracking,Right,,-2.674962,-47.14432,87.13773
1701916664812,Player,position,-,0.001362495,1.695265,-0.08695988
1701916664812,Player,orientation,,356.8744,355.2425,358.0244
1701916664812,Global Eye Tracking,Left,,1.936036,-47.32791,87.04738
1701916664812,Global Eye Tracking,Right,,-3.393828,-47.37028,86.98518
1701916664923,Player,position,-,0.001266478,1.694774,-0.08683342
1701916664923,Player,orientation,,357.123,355.4152,358.0089
1701916664923,Global Eye Tracking,Left,,6.319054,-50.49587,84.97395
1701916664923,Global Eye Tracking,Right,,1.015999,-50.6634,85.10904
1701916665034,Player,position,-,0.0008856412,1.694408,-0.08695848
1701916665034,Player,orientation,,357.2782,355.4146,358.103
1701916665034,Global Eye Tracking,Left,,5.685895,-50.9178,84.75899
1701916665034,Global Eye Tracking,Right,,0.3759208,-51.07106,84.86231
1701916665146,Player,position,-,0.0007962715,1.694255,-0.08726212
1701916665146,Player,orientation,,357.3261,355.5047,358.1213
1701916665146,Global Eye Tracking,Left,,5.253926,-52.26709,83.93554
1701916665146,Global Eye Tracking,Right,,-0.05943162,-52.41789,84.01138
1701916665257,Player,position,-,0.0004558936,1.694413,-0.0876068
1701916665257,Player,orientation,,357.2279,355.4576,358.0681
1701916665257,Global Eye Tracking,Left,,5.295112,-51.31079,84.53907
1701916665257,Global Eye Tracking,Right,,-0.01840424,-51.45415,84.62333
1701916665369,Player,position,-,-0.0001220144,1.694501,-0.08775504
1701916665369,Player,orientation,,357.1505,355.3638,358.1352
1701916665369,Global Eye Tracking,Left,,10.24907,-45.12255,87.67339
1701916665369,Global Eye Tracking,Right,,4.987307,-45.36088,88.0141
1701916665466,Player,position,-,-0.0005851947,1.693798,-0.08728825
1701916665466,Player,orientation,,357.4731,355.2975,358.1476
1701916665466,Global Eye Tracking,Left,,9.286687,-44.50426,88.10753
1701916665466,Global Eye Tracking,Right,,4.01387,-44.71775,88.40394
1701916665577,Player,position,-,-0.00113352,1.692901,-0.08614038
1701916665577,Player,orientation,,357.9191,355.2286,358.1215
1701916665577,Global Eye Tracking,Left,,-1.291856,-23.58415,96.65487
1701916665577,Global Eye Tracking,Right,,-6.63049,-23.47663,96.46752
1701916665689,Player,position,-,-0.002172945,1.688503,-0.08398767
1701916665689,Player,orientation,,0.02010677,355.0375,357.9133
1701916665689,Global Eye Tracking,Left,,-2.120234,-23.08306,96.77229
1701916665689,Global Eye Tracking,Right,,-7.458608,-22.9611,96.54214
1701916665800,Player,position,-,-0.002826208,1.672857,-0.07827148
1701916665800,Player,orientation,,7.14643,355.2535,357.5471
1701916665800,Global Eye Tracking,Left,,-1.252836,-23.99359,96.55579
1701916665800,Global Eye Tracking,Right,,-6.590282,-23.84468,96.38216
1701916665911,Player,position,-,-0.003460608,1.658353,-0.07177328
1701916665911,Player,orientation,,13.03385,355.5365,357.2056
1701916665911,Global Eye Tracking,Left,,-7.994786,-44.1348,88.45966
1701916665911,Global Eye Tracking,Right,,-13.31255,-43.84843,87.96465
1701916666023,Player,position,-,-0.004094016,1.650175,-0.06642951
1701916666023,Player,orientation,,15.71675,355.8483,357.104
1701916666023,Global Eye Tracking,Left,,-7.842102,-51.34049,84.37252
1701916666023,Global Eye Tracking,Right,,-13.15986,-50.99805,83.92239
1701916666134,Player,position,-,-0.005244976,1.642922,-0.06204643
1701916666134,Player,orientation,,18.37048,355.8593,357.5534
1701916666134,Global Eye Tracking,Left,,-7.761803,-49.76951,85.35431
1701916666134,Global Eye Tracking,Right,,-13.07932,-49.44452,84.89725
1701916666246,Player,position,-,-0.007135745,1.634529,-0.05907246
1701916666246,Player,orientation,,21.25703,355.265,357.9985
1701916666246,Global Eye Tracking,Left,,-7.436493,-49.70761,85.4278
1701916666246,Global Eye Tracking,Right,,-12.75641,-49.42934,84.96307
1701916666357,Player,position,-,-0.009717846,1.627402,-0.05756379
1701916666357,Player,orientation,,23.66713,354.1085,357.962
1701916666357,Global Eye Tracking,Left,,4.788191,-61.19914,77.58701
1701916666357,Global Eye Tracking,Right,,-0.5290565,-61.385,77.59155
1701916666468,Player,position,-,-0.01199316,1.625414,-0.05755061
1701916666468,Player,orientation,,24.23549,353.4177,357.9843
1701916666468,Global Eye Tracking,Left,,5.496708,-58.74079,79.46991
1701916666468,Global Eye Tracking,Right,,0.1932218,-58.97077,79.49557
1701916666580,Player,position,-,-0.01428075,1.626441,-0.05751321
1701916666580,Player,orientation,,23.91157,353.087,358.1657
1701916666580,Global Eye Tracking,Left,,5.030111,-59.15629,79.18373
1701916666580,Global Eye Tracking,Right,,-0.2725403,-59.40062,79.16617
1701916666691,Player,position,-,-0.0169408,1.626772,-0.0569132
1701916666691,Player,orientation,,23.76255,352.7451,358.4162
1701916666691,Global Eye Tracking,Left,,0.8386049,-50.49583,85.27616
1701916666691,Global Eye Tracking,Right,,-4.484529,-50.60857,85.1013
1701916666802,Player,position,-,-0.01947893,1.626563,-0.05605308
1701916666802,Player,orientation,,23.76222,352.3843,358.5644
1701916666802,Global Eye Tracking,Left,,-1.908992,-49.1247,86.08376
1701916666802,Global Eye Tracking,Right,,-7.236289,-49.18693,85.77006
1701916666914,Player,position,-,-0.02118573,1.626428,-0.05545437
1701916666914,Player,orientation,,23.76706,352.1934,358.7024
1701916666914,Global Eye Tracking,Left,,-2.001684,-50.5402,85.2327
1701916666914,Global Eye Tracking,Right,,-7.326374,-50.62482,84.89577
1701916667024,Player,position,-,-0.0224775,1.627088,-0.05499275
1701916667024,Player,orientation,,23.53153,351.9656,358.7438
1701916667024,Global Eye Tracking,Left,,-1.570557,-50.09837,85.51038
1701916667024,Global Eye Tracking,Right,,-6.892385,-50.21095,85.18584
1701916667136,Player,position,-,-0.02316924,1.627194,-0.05450933
1701916667136,Player,orientation,,23.50142,351.787,358.7275
1701916667136,Global Eye Tracking,Left,,-1.37967,-49.17086,86.06757
1701916667136,Global Eye Tracking,Right,,-6.699223,-49.29631,85.75121
1701916667248,Player,position,-,-0.02285667,1.627095,-0.05400873
1701916667248,Player,orientation,,23.47464,352.0108,358.7173
1701916667248,Global Eye Tracking,Left,,-1.789656,-49.40739,85.9207
1701916667248,Global Eye Tracking,Right,,-7.11016,-49.52145,85.5844
1701916667359,Player,position,-,-0.02229226,1.626352,-0.05387387
1701916667359,Player,orientation,,23.65627,352.3271,358.6292
1701916667359,Global Eye Tracking,Left,,-8.633324,-52.00876,83.90404
1701916667359,Global Eye Tracking,Right,,-13.94202,-51.91289,83.25085
1701916667471,Player,position,-,-0.02231963,1.626245,-0.0537136
1701916667471,Player,orientation,,23.63372,352.7331,358.6421
1701916667471,Global Eye Tracking,Left,,-8.282804,-51.51912,84.25032
1701916667471,Global Eye Tracking,Right,,-13.59509,-51.41084,83.62865
1701916667564,Player,position,-,-0.02353766,1.625998,-0.05378795
1701916667564,Player,orientation,,23.69676,352.6412,358.7996
1701916667564,Global Eye Tracking,Left,,-7.979636,-52.21565,83.83669
1701916667564,Global Eye Tracking,Right,,-13.2934,-52.11626,83.22622
1701916667688,Player,position,-,-0.02504204,1.625977,-0.05390924
1701916667688,Player,orientation,,23.6482,352.5137,359.0395
1701916667688,Global Eye Tracking,Left,,-7.979636,-52.21565,83.83669
1701916667688,Global Eye Tracking,Right,,-13.2934,-52.11626,83.22622
1701916667799,Player,position,-,-0.02595188,1.626096,-0.05420724
1701916667799,Player,orientation,,23.58204,352.2984,359.1118
1701916667799,Global Eye Tracking,Left,,-7.979636,-52.21565,83.83669
1701916667799,Global Eye Tracking,Right,,-13.2934,-52.11626,83.22622
1701916667911,Player,position,-,-0.02653114,1.625537,-0.05429108
1701916667911,Player,orientation,,23.74768,352.1474,359.218
1701916667911,Global Eye Tracking,Left,,-7.979636,-52.21565,83.83669
1701916667911,Global Eye Tracking,Right,,-13.2934,-52.11626,83.22622
1701916668022,Player,position,-,-0.02713976,1.624753,-0.05409511
1701916668022,Player,orientation,,23.97296,351.9755,359.2206
1701916668022,Global Eye Tracking,Left,,-7.979636,-52.21565,83.83669
1701916668022,Global Eye Tracking,Right,,-13.2934,-52.11626,83.22622
1701916668134,Player,position,-,-0.02762341,1.624434,-0.05422916
1701916668134,Player,orientation,,24.04154,351.8469,359.2419
1701916668134,Global Eye Tracking,Left,,-7.979636,-52.21565,83.83669
1701916668134,Global Eye Tracking,Right,,-13.2934,-52.11626,83.22622
1701916668245,Player,position,-,-0.03008819,1.62384,-0.05494215
1701916668245,Player,orientation,,24.18397,350.5361,358.6054
1701916668245,Global Eye Tracking,Left,,-7.979636,-52.21565,83.83669
1701916668245,Global Eye Tracking,Right,,-13.2934,-52.11626,83.22622
1701916668356,Player,position,-,-0.03405452,1.622783,-0.05588645
1701916668356,Player,orientation,,24.4173,348.6777,357.8488
1701916668356,Global Eye Tracking,Left,,-7.979636,-52.21565,83.83669
1701916668356,Global Eye Tracking,Right,,-13.2934,-52.11626,83.22622
1701916668468,Player,position,-,-0.03948956,1.62138,-0.05709586
1701916668468,Player,orientation,,24.78187,346.1169,356.9573
1701916668468,Global Eye Tracking,Left,,-7.979636,-52.21565,83.83669
1701916668468,Global Eye Tracking,Right,,-13.2934,-52.11626,83.22622
1701916668579,Player,position,-,-0.04530513,1.619837,-0.05835979
1701916668579,Player,orientation,,25.17765,343.5743,356.2524
1701916668579,Global Eye Tracking,Left,,-7.979636,-52.21565,83.83669
1701916668579,Global Eye Tracking,Right,,-13.2934,-52.11626,83.22622
1701916668690,Player,position,-,-0.0505273,1.619031,-0.0596042
1701916668690,Player,orientation,,25.43305,341.6255,355.7528
1701916668690,Global Eye Tracking,Left,,-7.979636,-52.21565,83.83669
1701916668690,Global Eye Tracking,Right,,-13.2934,-52.11626,83.22622
1701916668801,Player,position,-,-0.05455923,1.61902,-0.06071192
1701916668801,Player,orientation,,25.40866,340.3441,355.7502
1701916668801,Global Eye Tracking,Left,,-7.979636,-52.21565,83.83669
1701916668801,Global Eye Tracking,Right,,-13.2934,-52.11626,83.22622
1701916668913,Player,position,-,-0.05740244,1.619136,-0.06147744
1701916668913,Player,orientation,,25.39708,339.619,355.9431
1701916668913,Global Eye Tracking,Left,,-7.979636,-52.21565,83.83669
1701916668913,Global Eye Tracking,Right,,-13.2934,-52.11626,83.22622
1701916669024,Player,position,-,-0.05845643,1.619343,-0.06201268
1701916669024,Player,orientation,,25.31757,339.4404,356.0055
1701916669024,Global Eye Tracking,Left,,-7.979636,-52.21565,83.83669
1701916669024,Global Eye Tracking,Right,,-13.2934,-52.11626,83.22622
1701916669136,Player,position,-,-0.05802481,1.619488,-0.06220045
1701916669136,Player,orientation,,25.30266,339.8726,356.2134
1701916669136,Global Eye Tracking,Left,,-7.979636,-52.21565,83.83669
1701916669136,Global Eye Tracking,Right,,-13.2934,-52.11626,83.22622
1701916669248,Player,position,-,-0.05716978,1.619711,-0.06192314
1701916669248,Player,orientation,,25.27043,340.4161,356.3396
1701916669248,Global Eye Tracking,Left,,-7.979636,-52.21565,83.83669
1701916669248,Global Eye Tracking,Right,,-13.2934,-52.11626,83.22622
1701916669358,Player,position,-,-0.05650108,1.619609,-0.06136725
1701916669358,Player,orientation,,25.32676,340.8271,356.351
1701916669358,Global Eye Tracking,Left,,-7.979636,-52.21565,83.83669
1701916669358,Global Eye Tracking,Right,,-13.2934,-52.11626,83.22622
1701916669470,Player,position,-,-0.05589505,1.619321,-0.06049687
1701916669470,Player,orientation,,25.48284,341.3298,356.4958
1701916669470,Global Eye Tracking,Left,,-7.979636,-52.21565,83.83669
1701916669470,Global Eye Tracking,Right,,-13.2934,-52.11626,83.22622
1701916669581,Player,position,-,-0.05575267,1.618768,-0.05956627
1701916669581,Player,orientation,,25.70143,341.6783,356.6246
1701916669581,Global Eye Tracking,Left,,-7.979636,-52.21565,83.83669
1701916669581,Global Eye Tracking,Right,,-13.2934,-52.11626,83.22622
1701916669693,Player,position,-,-0.05572901,1.618355,-0.05844353
1701916669693,Player,orientation,,25.89283,341.8736,356.6218
1701916669693,Global Eye Tracking,Left,,-7.979636,-52.21565,83.83669
1701916669693,Global Eye Tracking,Right,,-13.2934,-52.11626,83.22622
1701916669804,Player,position,-,-0.05539462,1.61816,-0.05723437
1701916669804,Player,orientation,,25.96711,342.2888,356.8052
1701916669804,Global Eye Tracking,Left,,-7.979636,-52.21565,83.83669
1701916669804,Global Eye Tracking,Right,,-13.2934,-52.11626,83.22622
1701916669915,Player,position,-,-0.05529359,1.617894,-0.05584955
1701916669915,Player,orientation,,26.07852,342.6167,356.9354
1701916669915,Global Eye Tracking,Left,,-7.979636,-52.21565,83.83669
1701916669915,Global Eye Tracking,Right,,-13.2934,-52.11626,83.22622
1701916670027,Player,position,-,-0.05486672,1.617548,-0.05473584
1701916670027,Player,orientation,,26.16315,342.7796,356.9833
1701916670027,Global Eye Tracking,Left,,-7.979636,-52.21565,83.83669
1701916670027,Global Eye Tracking,Right,,-13.2934,-52.11626,83.22622
1701916670138,Player,position,-,-0.05359015,1.617706,-0.05344693
1701916670138,Player,orientation,,26.10212,343.1924,356.9518
1701916670138,Global Eye Tracking,Left,,-7.979636,-52.21565,83.83669
1701916670138,Global Eye Tracking,Right,,-13.2934,-52.11626,83.22622
1701916670249,Player,position,-,-0.05261595,1.617724,-0.05241843
1701916670249,Player,orientation,,26.10246,343.216,356.7817
1701916670249,Global Eye Tracking,Left,,-7.979636,-52.21565,83.83669
1701916670249,Global Eye Tracking,Right,,-13.2934,-52.11626,83.22622
1701916670361,Player,position,-,-0.0516807,1.617712,-0.05164283
1701916670361,Player,orientation,,26.10235,343.2683,356.7376
1701916670361,Global Eye Tracking,Left,,-7.979636,-52.21565,83.83669
1701916670361,Global Eye Tracking,Right,,-13.2934,-52.11626,83.22622
1701916670472,Player,position,-,-0.05080256,1.61802,-0.05104899
1701916670472,Player,orientation,,25.97429,343.143,356.5313
1701916670472,Global Eye Tracking,Left,,-7.979636,-52.21565,83.83669
1701916670472,Global Eye Tracking,Right,,-13.2934,-52.11626,83.22622
1701916670583,Player,position,-,-0.04975715,1.618171,-0.05102541
1701916670583,Player,orientation,,25.91995,343.2726,356.5673
1701916670583,Global Eye Tracking,Left,,-7.979636,-52.21565,83.83669
1701916670583,Global Eye Tracking,Right,,-13.2934,-52.11626,83.22622
1701916670694,Player,position,-,-0.04913736,1.618706,-0.0514303
1701916670694,Player,orientation,,25.72417,343.4133,356.7225
1701916670694,Global Eye Tracking,Left,,-7.979636,-52.21565,83.83669
1701916670694,Global Eye Tracking,Right,,-13.2934,-52.11626,83.22622
1701916670806,Player,position,-,-0.04826902,1.619166,-0.05189916
1701916670806,Player,orientation,,25.57332,343.8315,357.0693
1701916670806,Global Eye Tracking,Left,,-7.979636,-52.21565,83.83669
1701916670806,Global Eye Tracking,Right,,-13.2934,-52.11626,83.22622
1701916670917,Player,position,-,-0.047172,1.619322,-0.05205571
1701916670917,Player,orientation,,25.50106,344.4078,357.3418
1701916670917,Global Eye Tracking,Left,,-7.979636,-52.21565,83.83669
1701916670917,Global Eye Tracking,Right,,-13.2934,-52.11626,83.22622
1701916671029,Player,position,-,-0.04660217,1.619175,-0.0522894
1701916671029,Player,orientation,,25.52546,344.5691,357.4086
1701916671029,Global Eye Tracking,Left,,-7.979636,-52.21565,83.83669
1701916671029,Global Eye Tracking,Right,,-13.2934,-52.11626,83.22622
1701916671140,Player,position,-,-0.04646879,1.618855,-0.05217408
1701916671140,Player,orientation,,25.62741,344.5365,357.322
1701916671140,Global Eye Tracking,Left,,-7.979636,-52.21565,83.83669
1701916671140,Global Eye Tracking,Right,,-13.2934,-52.11626,83.22622
1701916671251,Player,position,-,-0.04635427,1.61863,-0.05171011
1701916671251,Player,orientation,,25.66821,344.6612,357.3531
1701916671251,Global Eye Tracking,Left,,-7.979636,-52.21565,83.83669
1701916671251,Global Eye Tracking,Right,,-13.2934,-52.11626,83.22622
1701916671363,Player,position,-,-0.04665061,1.618565,-0.05093938
1701916671363,Player,orientation,,25.67281,344.6661,357.2942
1701916671363,Global Eye Tracking,Left,,-7.979636,-52.21565,83.83669
1701916671363,Global Eye Tracking,Right,,-13.2934,-52.11626,83.22622
1701916671474,Player,position,-,-0.0472352,1.618545,-0.05003678
1701916671474,Player,orientation,,25.68388,344.7074,357.3016
1701916671474,Global Eye Tracking,Left,,-7.979636,-52.21565,83.83669
1701916671474,Global Eye Tracking,Right,,-13.2934,-52.11626,83.22622
1701916671585,Player,position,-,-0.04822136,1.618788,-0.04899582
1701916671585,Player,orientation,,25.60096,344.7373,357.375
1701916671585,Global Eye Tracking,Left,,-7.979636,-52.21565,83.83669
1701916671585,Global Eye Tracking,Right,,-13.2934,-52.11626,83.22622
1701916671697,Player,position,-,-0.04949626,1.618473,-0.04783583
1701916671697,Player,orientation,,25.73607,344.566,357.4089
1701916671697,Global Eye Tracking,Left,,-7.979636,-52.21565,83.83669
1701916671697,Global Eye Tracking,Right,,-13.2934,-52.11626,83.22622
1701916671808,Player,position,-,-0.0496518,1.618404,-0.04666752
1701916671808,Player,orientation,,25.79514,344.8162,357.5104
1701916671808,Global Eye Tracking,Left,,-7.979636,-52.21565,83.83669
1701916671808,Global Eye Tracking,Right,,-13.2934,-52.11626,83.22622
1701916671920,Player,position,-,-0.04985815,1.618479,-0.04611201
1701916671920,Player,orientation,,25.78795,344.8957,357.5169
1701916671920,Global Eye Tracking,Left,,-7.979636,-52.21565,83.83669
1701916671920,Global Eye Tracking,Right,,-13.2934,-52.11626,83.22622
1701916672031,Player,position,-,-0.0500113,1.618504,-0.04624376
1701916672031,Player,orientation,,25.77449,345.0219,357.6255
1701916672031,Global Eye Tracking,Left,,-7.979636,-52.21565,83.83669
1701916672031,Global Eye Tracking,Right,,-13.2934,-52.11626,83.22622
1701916672142,Player,position,-,-0.05050744,1.618621,-0.04661727
1701916672142,Player,orientation,,25.7177,344.9108,357.6374
1701916672142,Global Eye Tracking,Left,,-7.979636,-52.21565,83.83669
1701916672142,Global Eye Tracking,Right,,-13.2934,-52.11626,83.22622
1701916672253,Player,position,-,-0.05063642,1.61853,-0.04685873
1701916672253,Player,orientation,,25.73335,344.9979,357.7719
1701916672253,Global Eye Tracking,Left,,-7.979636,-52